id;address;address_2;address_3;address_4;bank;bank_name;bank_name_2;bank_name_3;branch;branch_name;branch_name_2;city;country;location;sub_type_indicator;zip
1;tensely unto whoever;swine since;among;hm;manacle upright;safely cardboard whenever;boohoo;major acceptable fondly;pish blah finally;boo;recorder poorly drat;Hialeah;Togo;indeed wring;yum meaningfully;recite unless
2;powerfully;quietly manhunt provided;although;ew to instead;towards;phew adventurously micromanage;announce that;how fleck phew;acidly;stipple unhealthy per;flowery;Erdmanshire;Ukraine;condominium;likewise;whose
3;via dimly comply;meaty;although far excepting;beep;angrily merrily;bid ultimately meh;trump pure mother;gee;cylindrical intensely;forenenst debut blacken;indeed when;South Peterfurt;Democratic Republic of the Congo;pish fine off;barring;courageously boo gadzooks
4;haze whereas;blah;phooey pish;drat ugh what;abnormally once honorable;zowie tintype;wary;newsprint wordy aside;what;hence;abnormally;West Retta;Liberia;instantly;ugh slash;where hm
5;lumpy optimisation nor;up or to;black-and-white so;hmph tickle;anatomy new coaxingly;kissingly sensationalize unlike;tighten a;pessimistic yuck;however as;when;neglected plumber;New Skye;Niue;amid meanwhile refocus;unexpectedly though;nicely yuck meaningfully
6;after centralise unless;gosh outshine;in;oh polished;ew after;wholly calmly;questionably enthusiastically;demoralise amidst up;so gum;atop on;nervously;South Gate;Nicaragua;urban;ornery bungle dishonest;via boo truthfully
7;booklet;forenenst psst buzzing;solemnize poison contract;so;tortellini;incidentally beside aside;pink;exact;major quicker;vacate;mango;Amparoberg;Heard Island and McDonald Islands;gosh perennial;nor hefty unless;which
8;joshingly inasmuch;farm;boo value;poorly;stance extricate start;yawningly snap;whoever empathize;lest;geez vice;reform;usefully recapitulate regarding;North Mavis;Tuvalu;bode;huzzah whether unacceptable;successfully
9;bulk frankly within;because excepting;worst naturally;whoever;seemingly;provided brr;cuckoo mechanic unimpressively;whoa woot;attempt out dim;supposing;inquisitively;Lake Bailee;Trinidad and Tobago;really gah positive;accessory butterfly tea;but
10;midst;very while;what below scandalise;furiously incidentally flub;ick;condense;inasmuch motive of;meek;gosh over for;abide;incidentally with cultivator;Romagueraberg;Ethiopia;zap mmm valiantly;grub;bout barring
